{"cameraMode":{"drawMode":0,"name":"Shaded","section":"Shading Mode"},"sceneLighting":false,"audioPlay":false,"sceneViewState":{"m_AlwaysRefresh":false,"showFog":true,"showSkybox":false,"showFlares":true,"showImageEffects":true,"showParticleSystems":true,"showVisualEffectGraphs":true,"m_FxEnabled":true},"in2DMode":false,"pivot":{"x":0.017915725708007814,"y":0.05203580856323242,"z":0.0393524169921875},"rotation":{"x":-0.04864073544740677,"y":-0.6778053045272827,"z":0.045007579028606418,"w":-0.7323637008666992},"size":9.281935691833496,"orthographic":false}