{"cameraMode":{"drawMode":0,"name":"Shaded","section":"Shading Mode"},"sceneLighting":false,"audioPlay":false,"sceneViewState":{"m_AlwaysRefresh":false,"showFog":true,"showSkybox":false,"showFlares":true,"showImageEffects":true,"showParticleSystems":true,"showVisualEffectGraphs":true,"m_FxEnabled":true},"in2DMode":false,"pivot":{"x":-45.271217346191409,"y":2.1999998092651369,"z":-3.2288169860839845},"rotation":{"x":0.18422865867614747,"y":-0.7406315207481384,"z":0.22601215541362763,"w":0.6057384610176086},"size":3.783186435699463,"orthographic":false}