{"cameraMode":{"drawMode":0,"name":"Shaded","section":"Shading Mode"},"sceneLighting":false,"audioPlay":false,"sceneViewState":{"m_AlwaysRefresh":false,"showFog":true,"showSkybox":false,"showFlares":true,"showImageEffects":true,"showParticleSystems":true,"showVisualEffectGraphs":true,"m_FxEnabled":true},"in2DMode":false,"pivot":{"x":-7.607996463775635,"y":1.3817448616027833,"z":3.0036466121673586},"rotation":{"x":0.11256307363510132,"y":0.01905725710093975,"z":-0.0023915483616292478,"w":0.9935885071754456},"size":2.4990992546081545,"orthographic":false}