{"cameraMode":{"drawMode":0,"name":"Shaded","section":"Shading Mode"},"sceneLighting":false,"audioPlay":false,"sceneViewState":{"m_AlwaysRefresh":false,"showFog":true,"showSkybox":false,"showFlares":true,"showImageEffects":true,"showParticleSystems":true,"showVisualEffectGraphs":true,"m_FxEnabled":true},"in2DMode":false,"pivot":{"x":-0.1989811658859253,"y":0.28512364625930788,"z":0.3376185894012451},"rotation":{"x":-0.19216522574424745,"y":0.6923326253890991,"z":-0.1996910572052002,"w":-0.6662440299987793},"size":0.8542381525039673,"orthographic":false}