{"cameraMode":{"drawMode":0,"name":"Shaded","section":"Shading Mode"},"sceneLighting":false,"audioPlay":false,"sceneViewState":{"m_AlwaysRefresh":false,"showFog":true,"showSkybox":false,"showFlares":true,"showImageEffects":true,"showParticleSystems":true,"showVisualEffectGraphs":true,"m_FxEnabled":true},"in2DMode":false,"pivot":{"x":-0.34213748574256899,"y":0.35316208004951479,"z":-0.09728926420211792},"rotation":{"x":0.08422046154737473,"y":-0.002371271839365363,"z":0.00006061420572223142,"w":0.9965454936027527},"size":0.4005955457687378,"orthographic":false}