{"cameraMode":{"drawMode":0,"name":"Shaded","section":"Shading Mode"},"sceneLighting":false,"audioPlay":false,"sceneViewState":{"m_AlwaysRefresh":false,"showFog":true,"showSkybox":false,"showFlares":true,"showImageEffects":true,"showParticleSystems":true,"showVisualEffectGraphs":true,"m_FxEnabled":true},"in2DMode":false,"pivot":{"x":5.9623308181762699,"y":-5.206247806549072,"z":92.49602508544922},"rotation":{"x":-0.08423338830471039,"y":-0.010444050654768944,"z":0.00011735098087228835,"w":-0.9966475963592529},"size":46.19390869140625,"orthographic":false}