{"cameraMode":{"drawMode":0,"name":"Shaded","section":"Shading Mode"},"sceneLighting":false,"audioPlay":false,"sceneViewState":{"m_AlwaysRefresh":false,"showFog":true,"showSkybox":false,"showFlares":true,"showImageEffects":true,"showParticleSystems":true,"showVisualEffectGraphs":true,"m_FxEnabled":true},"in2DMode":false,"pivot":{"x":48.60910415649414,"y":7.576868057250977,"z":0.38905656337738039},"rotation":{"x":0.017369169741868974,"y":0.7032662034034729,"z":-0.012762928381562233,"w":0.7117834687232971},"size":10.304996490478516,"orthographic":false}