{"cameraMode":{"drawMode":0,"name":"Shaded","section":"Shading Mode"},"sceneLighting":false,"audioPlay":false,"sceneViewState":{"m_AlwaysRefresh":false,"showFog":true,"showSkybox":false,"showFlares":true,"showImageEffects":true,"showParticleSystems":true,"showVisualEffectGraphs":true,"m_FxEnabled":true},"in2DMode":false,"pivot":{"x":40.96056365966797,"y":4.493880748748779,"z":1.2246274948120118},"rotation":{"x":-0.0034767603501677515,"y":0.656055212020874,"z":0.006973499432206154,"w":0.755795955657959},"size":10.304996490478516,"orthographic":false}