{"cameraMode":{"drawMode":0,"name":"Shaded","section":"Shading Mode"},"sceneLighting":true,"audioPlay":false,"sceneViewState":{"m_AlwaysRefresh":false,"showFog":true,"showSkybox":true,"showFlares":true,"showImageEffects":true,"showParticleSystems":true,"showVisualEffectGraphs":true,"m_FxEnabled":false},"in2DMode":false,"pivot":{"x":324.9548034667969,"y":191.6262664794922,"z":-362.8705749511719},"rotation":{"x":-0.009310601279139519,"y":-0.005086309742182493,"z":0.000054769523558206856,"w":-0.9999621510505676},"size":72.6165771484375,"orthographic":false}