{"cameraMode":{"drawMode":0,"name":"Shaded","section":"Shading Mode"},"sceneLighting":true,"audioPlay":false,"sceneViewState":{"m_AlwaysRefresh":false,"showFog":true,"showSkybox":true,"showFlares":true,"showImageEffects":true,"showParticleSystems":true,"showVisualEffectGraphs":true,"m_FxEnabled":false},"in2DMode":false,"pivot":{"x":-12.53015422821045,"y":-23.01165199279785,"z":81.17434692382813},"rotation":{"x":-0.13783112168312074,"y":-0.024350300431251527,"z":0.0033885652665048839,"w":-0.990169882774353},"size":47.980648040771487,"orthographic":false}