{"cameraMode":{"drawMode":0,"name":"Shaded","section":"Shading Mode"},"sceneLighting":false,"audioPlay":false,"sceneViewState":{"m_AlwaysRefresh":false,"showFog":true,"showSkybox":false,"showFlares":true,"showImageEffects":true,"showParticleSystems":true,"showVisualEffectGraphs":true,"m_FxEnabled":true},"in2DMode":false,"pivot":{"x":0.013961296528577805,"y":0.4763224124908447,"z":0.42137739062309267},"rotation":{"x":-0.26393041014671328,"y":0.6623486280441284,"z":-0.27018240094184878,"w":-0.6470282673835754},"size":0.6604024171829224,"orthographic":false}