{"cameraMode":{"drawMode":0,"name":"Shaded","section":"Shading Mode"},"sceneLighting":false,"audioPlay":false,"sceneViewState":{"m_AlwaysRefresh":true,"showFog":true,"showSkybox":false,"showFlares":true,"showImageEffects":true,"showParticleSystems":true,"showVisualEffectGraphs":true,"m_FxEnabled":true},"in2DMode":false,"pivot":{"x":-16.762081146240236,"y":12.717992782592774,"z":-13.547443389892579},"rotation":{"x":0.2066168338060379,"y":0.5906894207000732,"z":-0.15987861156463624,"w":0.7634738087654114},"size":1.7320507764816285,"orthographic":false}