{"cameraMode":{"drawMode":0,"name":"Shaded","section":"Shading Mode"},"sceneLighting":false,"audioPlay":false,"sceneViewState":{"m_AlwaysRefresh":false,"showFog":true,"showSkybox":true,"showFlares":true,"showImageEffects":true,"showParticleSystems":true,"showVisualEffectGraphs":true,"m_FxEnabled":true},"in2DMode":false,"pivot":{"x":-10.079309463500977,"y":10.103507995605469,"z":-17.010786056518556},"rotation":{"x":0.038364242762327197,"y":-0.9287134408950806,"z":0.10109476745128632,"w":0.35545748472213747},"size":3.75366473197937,"orthographic":false}