{"cameraMode":{"drawMode":0,"name":"Shaded","section":"Shading Mode"},"sceneLighting":false,"audioPlay":false,"sceneViewState":{"m_AlwaysRefresh":false,"showFog":true,"showSkybox":true,"showFlares":true,"showImageEffects":true,"showParticleSystems":true,"showVisualEffectGraphs":true,"m_FxEnabled":true},"in2DMode":false,"pivot":{"x":27.78656578063965,"y":30.554487228393556,"z":9.567095756530762},"rotation":{"x":0.040851790457963946,"y":-0.8473348617553711,"z":0.06673597544431687,"w":0.5256519317626953},"size":3.753664970397949,"orthographic":false}