{"cameraMode":{"drawMode":0,"name":"Shaded","section":"Shading Mode"},"sceneLighting":false,"audioPlay":false,"sceneViewState":{"m_AlwaysRefresh":false,"showFog":true,"showSkybox":true,"showFlares":true,"showImageEffects":true,"showParticleSystems":true,"showVisualEffectGraphs":true,"m_FxEnabled":true},"in2DMode":false,"pivot":{"x":-0.047912776470184329,"y":8.280600547790528,"z":21.06901741027832},"rotation":{"x":0.02004311978816986,"y":0.09665491431951523,"z":0.0012809886829927564,"w":0.9959526062011719},"size":9.009469985961914,"orthographic":false}