{"cameraMode":{"drawMode":0,"name":"Shaded","section":"Shading Mode"},"sceneLighting":false,"audioPlay":false,"sceneViewState":{"m_AlwaysRefresh":false,"showFog":true,"showSkybox":true,"showFlares":true,"showImageEffects":true,"showParticleSystems":true,"showVisualEffectGraphs":true,"m_FxEnabled":true},"in2DMode":false,"pivot":{"x":239.85867309570313,"y":-156.77699279785157,"z":277.68035888671877},"rotation":{"x":0.19009894132614137,"y":0.34219294786453249,"z":-0.07090530544519425,"w":0.917467474937439},"size":228.5380096435547,"orthographic":false}