{"cameraMode":{"drawMode":0,"name":"Shaded","section":"Shading Mode"},"sceneLighting":false,"audioPlay":false,"sceneViewState":{"m_AlwaysRefresh":false,"showFog":true,"showSkybox":true,"showFlares":true,"showImageEffects":true,"showParticleSystems":true,"showVisualEffectGraphs":true,"m_FxEnabled":true},"in2DMode":false,"pivot":{"x":6.923657417297363,"y":3.2376413345336916,"z":11.527853965759278},"rotation":{"x":-0.039621975272893909,"y":-0.6824064254760742,"z":0.03710751235485077,"w":-0.7289915680885315},"size":10.86581039428711,"orthographic":false}