{"cameraMode":{"drawMode":0,"name":"Shaded","section":"Shading Mode"},"sceneLighting":true,"audioPlay":false,"sceneViewState":{"m_AlwaysRefresh":true,"showFog":true,"showSkybox":true,"showFlares":true,"showImageEffects":true,"showParticleSystems":true,"showVisualEffectGraphs":true,"m_FxEnabled":true},"in2DMode":false,"pivot":{"x":355.3939208984375,"y":112.21092224121094,"z":-402.8879699707031},"rotation":{"x":-0.043124210089445117,"y":0.04974637180566788,"z":0.0021548490040004255,"w":0.9978495240211487},"size":1.7320507764816285,"orthographic":false}