{"cameraMode":{"drawMode":0,"name":"Shaded","section":"Shading Mode"},"sceneLighting":false,"audioPlay":false,"sceneViewState":{"m_AlwaysRefresh":false,"showFog":true,"showSkybox":true,"showFlares":true,"showImageEffects":true,"showParticleSystems":true,"showVisualEffectGraphs":true,"m_FxEnabled":true},"in2DMode":false,"pivot":{"x":40.996742248535159,"y":4.438732147216797,"z":2.2997634410858156},"rotation":{"x":0.026872755959630014,"y":0.5619978904724121,"z":-0.011760935187339783,"w":0.8278840184211731},"size":6.173741817474365,"orthographic":false}