{"cameraMode":{"drawMode":0,"name":"Shaded","section":"Shading Mode"},"sceneLighting":true,"audioPlay":false,"sceneViewState":{"m_AlwaysRefresh":false,"showFog":true,"showSkybox":true,"showFlares":true,"showImageEffects":true,"showParticleSystems":true,"showVisualEffectGraphs":true,"m_FxEnabled":true},"in2DMode":false,"pivot":{"x":-5.413302898406982,"y":0.36744582653045657,"z":1.989837646484375},"rotation":{"x":0.13196831941604615,"y":0.8342729210853577,"z":-0.22716034948825837,"w":0.4848916232585907},"size":4.789366245269775,"orthographic":false}