{"cameraMode":{"drawMode":0,"name":"Shaded","section":"Shading Mode"},"sceneLighting":true,"audioPlay":false,"sceneViewState":{"m_AlwaysRefresh":false,"showFog":true,"showSkybox":true,"showFlares":true,"showImageEffects":true,"showParticleSystems":true,"showVisualEffectGraphs":true,"m_FxEnabled":true},"in2DMode":false,"pivot":{"x":-6.4444427490234379,"y":1.5756747722625733,"z":-2.6661036014556886},"rotation":{"x":0.0003889361978508532,"y":-0.9922428131103516,"z":0.1244886964559555,"w":0.0027097074780613186},"size":1.4987229108810425,"orthographic":false}