{"cameraMode":{"drawMode":0,"name":"Shaded","section":"Shading Mode"},"sceneLighting":true,"audioPlay":false,"sceneViewState":{"m_AlwaysRefresh":false,"showFog":true,"showSkybox":true,"showFlares":true,"showImageEffects":true,"showParticleSystems":true,"showVisualEffectGraphs":true,"m_FxEnabled":true},"in2DMode":false,"pivot":{"x":-4.265314102172852,"y":3.444789171218872,"z":3.8277177810668947},"rotation":{"x":0.04691808670759201,"y":0.9135991334915161,"z":0.11142981797456742,"w":-0.3884972333908081},"size":1.0526061058044434,"orthographic":false}