{"cameraMode":{"drawMode":0,"name":"Shaded","section":"Shading Mode"},"sceneLighting":true,"audioPlay":false,"sceneViewState":{"m_AlwaysRefresh":false,"showFog":true,"showSkybox":true,"showFlares":true,"showImageEffects":true,"showParticleSystems":true,"showVisualEffectGraphs":true,"m_FxEnabled":true},"in2DMode":false,"pivot":{"x":-17.42873764038086,"y":4.9811224937438969,"z":-11.547358512878418},"rotation":{"x":0.10073990374803543,"y":-0.34947898983955386,"z":-0.037499379366636279,"w":-0.9308887720108032},"size":1.0526061058044434,"orthographic":false}