{"cameraMode":{"drawMode":0,"name":"Shaded","section":"Shading Mode"},"sceneLighting":false,"audioPlay":false,"sceneViewState":{"m_AlwaysRefresh":false,"showFog":true,"showSkybox":false,"showFlares":true,"showImageEffects":true,"showParticleSystems":true,"showVisualEffectGraphs":true,"m_FxEnabled":true},"in2DMode":false,"pivot":{"x":19.751874923706056,"y":19.812183380126954,"z":49.24584197998047},"rotation":{"x":0.06431112438440323,"y":0.2488015592098236,"z":-0.01602010242640972,"w":0.9664965867996216},"size":35.262237548828128,"orthographic":false}