{"cameraMode":{"drawMode":0,"name":"Shaded","section":"Shading Mode"},"sceneLighting":false,"audioPlay":false,"sceneViewState":{"m_AlwaysRefresh":false,"showFog":true,"showSkybox":false,"showFlares":true,"showImageEffects":true,"showParticleSystems":true,"showVisualEffectGraphs":true,"m_FxEnabled":true},"in2DMode":false,"pivot":{"x":3.034324884414673,"y":2.5018205642700197,"z":0.9804115891456604},"rotation":{"x":-0.20464245975017548,"y":0.6812450885772705,"z":-0.20761026442050935,"w":-0.6715065240859985},"size":0.5390663146972656,"orthographic":false}