{"cameraMode":{"drawMode":0,"name":"Shaded","section":"Shading Mode"},"sceneLighting":false,"audioPlay":false,"sceneViewState":{"m_AlwaysRefresh":false,"showFog":true,"showSkybox":false,"showFlares":true,"showImageEffects":true,"showParticleSystems":true,"showVisualEffectGraphs":true,"m_FxEnabled":true},"in2DMode":false,"pivot":{"x":-0.1101481020450592,"y":0.49248725175857546,"z":1.0626894235610963},"rotation":{"x":-0.01511750090867281,"y":0.9800832867622376,"z":-0.1801784634590149,"w":-0.08222181349992752},"size":1.4293785095214844,"orthographic":false}