{"cameraMode":{"drawMode":0,"name":"Shaded","section":"Shading Mode"},"sceneLighting":false,"audioPlay":false,"sceneViewState":{"m_AlwaysRefresh":false,"showFog":true,"showSkybox":false,"showFlares":true,"showImageEffects":true,"showParticleSystems":true,"showVisualEffectGraphs":true,"m_FxEnabled":false},"in2DMode":false,"pivot":{"x":0.7525198459625244,"y":-0.25366854667663576,"z":0.15867918729782105},"rotation":{"x":-0.11420733481645584,"y":-0.6852617263793945,"z":0.11010586470365524,"w":-0.7108323574066162},"size":1.0492230653762818,"orthographic":false}