{"cameraMode":{"drawMode":0,"name":"Shaded","section":"Shading Mode"},"sceneLighting":false,"audioPlay":false,"sceneViewState":{"m_AlwaysRefresh":false,"showFog":true,"showSkybox":false,"showFlares":true,"showImageEffects":true,"showParticleSystems":true,"showVisualEffectGraphs":true,"m_FxEnabled":true},"in2DMode":false,"pivot":{"x":0.7895801067352295,"y":0.7208994030952454,"z":0.6329517960548401},"rotation":{"x":0.03222264349460602,"y":0.46014633774757388,"z":-0.016718553379178048,"w":0.8871161341667175},"size":1.2664998769760132,"orthographic":false}