{"cameraMode":{"drawMode":0,"name":"Shaded","section":"Shading Mode"},"sceneLighting":false,"audioPlay":false,"sceneViewState":{"m_AlwaysRefresh":false,"showFog":true,"showSkybox":false,"showFlares":true,"showImageEffects":true,"showParticleSystems":true,"showVisualEffectGraphs":true,"m_FxEnabled":true},"in2DMode":false,"pivot":{"x":0.015675261616706849,"y":0.2770909368991852,"z":0.37500089406967165},"rotation":{"x":-0.26393041014671328,"y":0.6623486280441284,"z":-0.27018240094184878,"w":-0.6470282673835754},"size":0.4005955457687378,"orthographic":false}