{"cameraMode":{"drawMode":0,"name":"Shaded","section":"Shading Mode"},"sceneLighting":false,"audioPlay":false,"sceneViewState":{"m_AlwaysRefresh":false,"showFog":true,"showSkybox":false,"showFlares":true,"showImageEffects":true,"showParticleSystems":true,"showVisualEffectGraphs":true,"m_FxEnabled":true},"in2DMode":false,"pivot":{"x":-1.5708775520324708,"y":-46.98701858520508,"z":-62.117332458496097},"rotation":{"x":-0.019034823402762414,"y":0.9682950377464294,"z":-0.23728638887405396,"w":-0.07827235013246536},"size":70.42147827148438,"orthographic":false}