{"cameraMode":{"drawMode":0,"name":"Shaded","section":"Shading Mode"},"sceneLighting":false,"audioPlay":false,"sceneViewState":{"m_AlwaysRefresh":false,"showFog":true,"showSkybox":false,"showFlares":true,"showImageEffects":true,"showParticleSystems":true,"showVisualEffectGraphs":true,"m_FxEnabled":true},"in2DMode":false,"pivot":{"x":0.27803754806518557,"y":0.7794914245605469,"z":0.041363425552845},"rotation":{"x":0.00974445790052414,"y":-0.9836737513542175,"z":0.17127598822116853,"w":0.05439135432243347},"size":1.1445523500442505,"orthographic":false}