{"cameraMode":{"drawMode":0,"name":"Shaded","section":"Shading Mode"},"sceneLighting":false,"audioPlay":false,"sceneViewState":{"m_AlwaysRefresh":false,"showFog":true,"showSkybox":false,"showFlares":true,"showImageEffects":true,"showParticleSystems":true,"showVisualEffectGraphs":true,"m_FxEnabled":true},"in2DMode":false,"pivot":{"x":-5.6605024337768559,"y":1.1134294271469117,"z":-0.04451823979616165},"rotation":{"x":-0.036156125366687778,"y":-0.7085833549499512,"z":0.03638415411114693,"w":-0.7038794755935669},"size":0.5000100135803223,"orthographic":false}